{
  "dataset_dir": "data\\labels_fixtures",
  "checkpoint": "weights\\brepnet.pt",
  "samples": 7,
  "total_faces": 51,
  "refinement": {
    "accuracy": 0.7254901960784313,
    "precision": 0.75,
    "recall": 0.6923076923076923,
    "f1": 0.7199999999999999,
    "positives": 26,
    "predicted_positives": 24,
    "true_positives": 18
  },
  "complexity": {
    "mse": 0.03172134885600969,
    "mae": 0.1458924143922095
  }
}