{
  "dataset_dir": "data\\labels_fixtures_v2",
  "checkpoint": "weights\\brepnet.pt",
  "samples": 27,
  "total_faces": 3612,
  "refinement": {
    "accuracy": 0.8529900332225914,
    "precision": 0.9202821869488537,
    "recall": 0.8953328757721345,
    "f1": 0.9076361106279353,
    "positives": 2914,
    "predicted_positives": 2835,
    "true_positives": 2609
  },
  "complexity": {
    "mse": 0.034441353747020925,
    "mae": 0.14544208811499088
  },
  "defect": {
    "accuracy": 0.14814814814814814,
    "graphs": 27,
    "per_class_acc": {
      "clean": 0.14814814814814814,
      "open_shell": null,
      "sliver_face": null,
      "self_intersection": null
    }
  }
}